Timestamp,Step,Train_Loss,Val_Loss,Gap,Live_Train_Loss,Train_Smoothed_Loss,Val_Smoothed_Loss,LR,TPS,Mem_GB,Eval_Batches,Best_Val_Raw_Loss
2026-07-15T08:46:06.669970,0,1.521971,1.191433,-0.330537,2.678950,2.525487,2.223627,1.33333333e-07,92407,9.67,50,1.185209
2026-07-15T08:47:00.120069,50,1.520019,1.190308,-0.329711,2.611641,2.523900,2.221804,6.80000000e-06,274023,9.73,50,1.185209
2026-07-15T08:47:53.677124,100,1.519205,1.190250,-0.328955,2.521874,2.522997,2.221363,1.34666667e-05,275298,9.73,50,1.185209
2026-07-15T08:48:47.257675,150,1.519106,1.190093,-0.329013,2.606259,2.522614,2.221278,2.00000000e-05,275069,9.73,50,1.185209
2026-07-15T08:49:40.863818,200,1.518656,1.189895,-0.328761,2.611250,2.522473,2.221143,2.00000000e-05,274102,9.73,50,1.185209
2026-07-15T08:50:34.581326,250,1.518503,1.189505,-0.328998,2.605531,2.522489,2.220936,2.00000000e-05,274441,9.73,50,1.185209
2026-07-15T08:51:28.375442,300,1.518778,1.190150,-0.328628,2.544035,2.522520,2.221340,2.00000000e-05,275011,9.73,50,1.185209
2026-07-15T08:52:22.127166,350,1.517189,1.188674,-0.328515,2.430335,2.522156,2.220994,2.00000000e-05,274856,9.73,50,1.185209
2026-07-15T08:53:15.894745,400,1.518389,1.189503,-0.328886,2.566228,2.522314,2.220721,2.00000000e-05,274279,9.73,50,1.185209
2026-07-15T08:54:09.706729,450,1.518404,1.189575,-0.328828,2.677289,2.522025,2.220623,2.00000000e-05,275761,9.73,50,1.185209
2026-07-15T08:55:03.486071,500,1.517888,1.188842,-0.329046,2.580500,2.522402,2.220683,2.00000000e-05,272992,9.73,50,1.185209
2026-07-15T08:55:57.368454,550,1.517445,1.188604,-0.328842,2.761007,2.521807,2.220510,2.00000000e-05,275677,9.73,50,1.185209
2026-07-15T08:56:51.128930,600,1.517489,1.188495,-0.328994,2.520135,2.522083,2.220661,2.00000000e-05,274958,9.73,50,1.185209
2026-07-15T08:57:44.992990,650,1.517243,1.189121,-0.328122,2.605268,2.521852,2.221033,2.00000000e-05,274250,9.73,50,1.185209
2026-07-15T08:58:38.830125,700,1.517985,1.189278,-0.328707,2.671158,2.522344,2.220766,2.00000000e-05,273157,9.73,50,1.185209
2026-07-15T08:59:32.645832,750,1.517477,1.188455,-0.329023,2.543191,2.521865,2.220375,2.00000000e-05,274247,9.73,50,1.185209
2026-07-15T09:00:26.429139,800,1.517405,1.189293,-0.328112,2.587259,2.521860,2.220461,2.00000000e-05,273635,9.73,50,1.185209
2026-07-15T09:01:20.130189,850,1.517816,1.189468,-0.328348,2.702459,2.521699,2.220748,2.00000000e-05,273626,9.73,50,1.185209
2026-07-15T09:02:13.783085,900,1.517253,1.188771,-0.328481,2.639188,2.521620,2.220381,2.00000000e-05,274912,9.73,50,1.185209
2026-07-15T09:03:07.416299,950,1.518286,1.188951,-0.329335,2.684519,2.521838,2.220143,2.00000000e-05,275903,9.73,50,1.185209
2026-07-15T09:04:01.024865,1000,1.517984,1.189289,-0.328695,2.706461,2.521560,2.219963,2.00000000e-05,273761,9.73,50,1.185209
2026-07-15T09:04:54.705814,1050,1.517703,1.189286,-0.328417,2.720652,2.521247,2.220448,2.00000000e-05,273771,9.73,50,1.185209
2026-07-15T09:05:48.322905,1100,1.517540,1.189109,-0.328432,2.736015,2.521339,2.220394,2.00000000e-05,274781,9.73,50,1.185209
2026-07-15T09:06:41.979840,1150,1.516672,1.188072,-0.328600,2.523595,2.521244,2.219828,2.00000000e-05,275883,9.73,50,1.185209
2026-07-15T09:07:35.602983,1200,1.517761,1.189054,-0.328707,2.653249,2.521194,2.219978,2.00000000e-05,275013,9.73,50,1.185209
2026-07-15T09:08:29.204466,1250,1.517306,1.188523,-0.328783,2.562929,2.521336,2.219996,2.00000000e-05,275697,9.73,50,1.185209
2026-07-15T09:09:23.484232,1300,1.517113,1.188849,-0.328264,2.507911,2.521060,2.220230,2.00000000e-05,270149,9.73,50,1.185209
2026-07-15T09:10:17.185571,1350,1.516950,1.189384,-0.327566,2.507465,2.521294,2.220759,2.00000000e-05,274474,9.73,50,1.185209
2026-07-15T09:11:10.823646,1400,1.517145,1.189047,-0.328098,2.592358,2.521044,2.220327,2.00000000e-05,274212,9.73,50,1.185209
2026-07-15T09:12:04.441222,1450,1.516925,1.188765,-0.328160,2.690977,2.520803,2.220108,2.00000000e-05,275631,9.73,50,1.185209
2026-07-15T09:12:57.985744,1500,1.516056,1.188420,-0.327635,2.598967,2.521060,2.220404,2.00000000e-05,275623,9.73,50,1.185209
2026-07-15T09:13:51.641613,1550,1.516761,1.189290,-0.327471,2.619237,2.520360,2.220068,2.00000000e-05,275159,9.73,50,1.185209
2026-07-15T09:14:45.264067,1600,1.516601,1.188764,-0.327838,2.579147,2.521020,2.220471,2.00000000e-05,276031,9.73,50,1.185209
2026-07-15T09:15:38.844364,1650,1.516735,1.188401,-0.328333,2.667628,2.520621,2.219644,2.00000000e-05,275764,9.73,50,1.185209
2026-07-15T09:16:32.427067,1700,1.515730,1.188477,-0.327252,2.658268,2.520878,2.220674,2.00000000e-05,276213,9.73,50,1.185209
2026-07-15T09:17:25.986494,1750,1.516186,1.187798,-0.328388,2.547748,2.520691,2.219718,2.00000000e-05,276736,9.73,50,1.185209
2026-07-15T09:18:19.571454,1800,1.516561,1.188308,-0.328253,2.554237,2.520617,2.219789,2.00000000e-05,276323,9.73,50,1.185209
2026-07-15T09:19:13.228884,1850,1.516613,1.188228,-0.328386,2.698470,2.520731,2.219646,2.00000000e-05,275762,9.73,50,1.185209
2026-07-15T09:20:06.781063,1900,1.515974,1.188965,-0.327008,2.644577,2.520642,2.220470,2.00000000e-05,274923,9.73,50,1.185209
2026-07-15T09:21:00.346984,1950,1.516291,1.188733,-0.327558,2.671896,2.520753,2.220351,2.00000000e-05,274613,9.73,50,1.185209
2026-07-15T09:21:53.972753,2000,1.516863,1.189509,-0.327355,2.527751,2.520369,2.219904,2.00000000e-05,274956,9.73,50,1.185209
2026-07-15T09:22:47.672307,2050,1.516585,1.189020,-0.327565,2.681110,2.520719,2.220565,2.00000000e-05,275802,9.73,50,1.185209
2026-07-15T09:23:41.292690,2100,1.516159,1.189422,-0.326737,2.707457,2.520680,2.220521,2.00000000e-05,275772,9.73,50,1.185209
2026-07-15T09:24:34.943636,2150,1.517136,1.189345,-0.327790,2.648184,2.520970,2.220552,2.00000000e-05,275176,9.73,50,1.185209
2026-07-15T09:25:28.505264,2200,1.517015,1.189078,-0.327938,2.703465,2.520944,2.220299,2.00000000e-05,276570,9.73,50,1.185209
2026-07-15T09:26:22.165091,2250,1.516807,1.189300,-0.327507,2.608149,2.520629,2.220002,2.00000000e-05,275939,9.73,50,1.185209
2026-07-15T09:27:15.831275,2300,1.516856,1.188812,-0.328044,2.553750,2.520814,2.220110,2.00000000e-05,275326,9.73,50,1.185209
2026-07-15T09:28:09.346112,2350,1.516925,1.189324,-0.327601,2.730615,2.520666,2.219921,2.00000000e-05,275428,9.73,50,1.185209
2026-07-15T09:29:02.883756,2400,1.516244,1.188114,-0.328129,2.573426,2.520731,2.219727,2.00000000e-05,275920,9.73,50,1.185209
2026-07-15T09:29:56.489134,2450,1.515934,1.187895,-0.328038,2.594808,2.520667,2.220102,2.00000000e-05,276321,9.73,50,1.185209
2026-07-15T09:30:50.087404,2500,1.515849,1.188165,-0.327684,2.624350,2.520442,2.219837,2.00000000e-05,275368,9.73,50,1.185209
2026-07-15T09:31:43.766352,2550,1.516276,1.188007,-0.328269,2.655488,2.520590,2.219494,2.00000000e-05,274619,9.73,50,1.185209
2026-07-15T09:32:37.405650,2600,1.516352,1.189062,-0.327290,2.633325,2.520280,2.220121,2.00000000e-05,275778,9.73,50,1.185209
2026-07-15T09:33:31.049416,2650,1.515578,1.188738,-0.326840,2.758568,2.520127,2.220325,2.00000000e-05,274892,9.73,50,1.185209
2026-07-15T09:34:24.631268,2700,1.516223,1.188758,-0.327464,2.583073,2.520369,2.220301,2.00000000e-05,273264,9.73,50,1.185209
2026-07-15T09:35:18.232655,2750,1.516523,1.188607,-0.327916,2.576361,2.520586,2.219730,2.00000000e-05,275644,9.73,50,1.185209
2026-07-15T09:36:11.832487,2800,1.516895,1.189549,-0.327347,2.578572,2.520276,2.220034,2.00000000e-05,275987,9.73,50,1.185209
2026-07-15T09:37:05.512511,2850,1.515796,1.187940,-0.327856,2.646289,2.520284,2.219844,2.00000000e-05,274987,9.73,50,1.185209
2026-07-15T09:37:59.150824,2900,1.516011,1.188420,-0.327591,2.624503,2.520110,2.219819,2.00000000e-05,274764,9.73,50,1.185209
2026-07-15T09:38:52.813923,2950,1.516468,1.188438,-0.328030,2.587420,2.520276,2.219495,2.00000000e-05,274943,9.73,50,1.185209
2026-07-15T09:39:46.437156,3000,1.515917,1.188646,-0.327271,2.509030,2.520378,2.219906,2.00000000e-05,274892,9.73,50,1.185209
2026-07-15T09:40:40.137336,3050,1.515505,1.187649,-0.327856,2.589563,2.520066,2.219743,2.00000000e-05,274766,9.73,50,1.185209
2026-07-15T09:41:34.010864,3100,1.516151,1.188222,-0.327929,2.627376,2.520196,2.219717,2.00000000e-05,276088,9.73,50,1.185209
2026-07-15T09:42:28.193317,3150,1.516083,1.188328,-0.327755,2.703285,2.520269,2.219688,2.00000000e-05,274429,9.73,50,1.185209
